0,
0.374,
2,2,
0.300,0.510,
811,
0.064,
61949,
0.017,
52806,
0.702,
835,459,33,185,611,302,998,228,736,921,422,920,105,114,801,7,999,350,1017,124,609,124,517,245,366,119,973,595,81,135,17,417,118,602,173,448,722,198,584,482,642,839,206,697,591,799,345,414,248,954,740,588,561,780,433,831,51,757,236,318,835,379,758,50,118,324,475,719,73,650,853,539,586,857,198,822,806,226,395,991,247,252,125,494,115,991,952,83,993,1009,221,611,772,537,315,268,874,202,1000,685,1004,657,663,24,713,88,743,291,215,501,982,370,958,275,400,274,469,288,273,47,574,109,920,284,831,26,427,991,467,729,461,84,332,956,391,550,408,381,275,908,848,653,361,563,1017,433,685,876,508,215,240,636,461,96,425,852,248,16,171,796,460,932,1005,171,897,212,367,859,725,414,609,283,306,21,955,695,383,20,523,69,657,22,637,844,365,7,387,96,837,405,868,997,22,934,4,410,627,460,248,27,341,6,886,792,9,735,16,527,994,866,115,391,984,964,791,80,253,155,20,169,5,722,546,754,336,71,492,529,102,571,475,304,307,539,6,195,59,982,550,788,218,65,627,503,160,1019,475,293,905,263,414,63,1016,782,147,244,152,761,918,841,115,616,725,26,541,488,561,187,259,518,651,227,904,97,928,390,264,318,166,300,289,945,603,741,235,890,494,841,14,855,937,454,27,560,865,880,615,232,154,292,838,103,531,196,155,433,979,571,319,304,432,283,330,499,223,740,296,502,483,999,406,872,1017,319,117,435,428,227,841,888,593,161,668,99,950,240,819,895,826,553,1000,280,743,40,224,1004,211,82,110,453,646,295,734,283,314,411,258,941,750,465,126,752,965,1000,603,326,545,831,962,206,293,841,720,242,756,939,658,22,961,437,514,383,460,389,396,473,663,226,248,979,757,772,173,362,965,664,145,237,239,791,998,759,70,842,176,89,324,700,319,881,483,1018,397,857,152,51,657,458,737,731,198,474,0,361,767,900,683,910,895,14,74,897,219,326,422,164,563,416,897,95,71,471,679,177,198,348,839,554,635,87,358,326,366,822,468,615,775,264,680,785,192,352,1008,959,324,158,933,329,227,566,673,682,6,332,226,315,965,980,552,873,462,85,999,907,6,232,273,596,63,87,920,522,876,987,973,866,473,152,959,164,373,926,939,107,38,842,912,268,432,165,179,984,379,27,388,554,63,794,833,3,281,179,463,614,0,819,75,954,839,454,954,949,383,793,238,282,142,1002,251,462,357,202,394,579,841,13,340,216,422,529,960,70,870,810,165,881,751,588,922,283,172,786,751,201,167,219,870,503,601,649,994,685,843,209,270,662,521,409,281,998,661,454,994,44,611,263,878,362,247,999,357,765,1006,761,366,65,648,247,50,404,960,83,453,831,475,773,726,27,572,999,12,286,841,866,251,636,336,245,427,770,538,795,651,869,900,560,806,914,867,954,472,667,1000,75,874,258,103,1006,549,368,539,502,904,997,411,550,785,711,195,272,963,281,9,163,383,29,543,438,920,151,419,455,789,389,28,117,815,956,799,1,228,384,650,428,124,572,578,657,810,284,880,20,328,933,152,424,603,902,393,134,499,146,668,123,601,967,503,923,996,734,192,887,696,622,546,414,965,806,606,749,307,152,64,204,636,842,48,644,201,712,46,279,450,885,132,643,563,144,265,671,475,1014,610,682,675,433,640,308,636,155,491,427,233,901,145,965,777,92,153,521,767,883,619,937,468,912,1007,468,674,456,810,752,919,785,241,612,971,141,296,107,761,271,908,279,878,5,376,964,636,918,484,837,122,809,261,411,647,446,524,913,918,945,494,610,507,28,562,1013,380,243,1,361,454,484,343,915,271,477,192,933,779,1016,670,483,539,773,364,662,310,969,377,774,442,619,130,315,408,392,199,165,883,310,537,858,938,964,200,663,15,650,728,775,640,729,835,457,893,747,47,461,315,913,618,126,24,486,545,59,148,220,697,664,223,37,616,565,728,29,419,25,793,735,618,557,209,408,276,568,401,713,220,114,555,627,690,387,457,413,644,362,647,199,835,477,674,535,791,865,523,406,614,667,883,918,541,455,917,92,930,256,103,934,495,467,716,598,927,944,198,74,571,604,519,918,35,40,657,998,704,358,1007,601,767,785,815,214,860,286,752,15,378,116,485,273,235,1006,254,223,358,433,612,471,165,758,432,151,853,432,1004,327,915,487,500,1000,678,466,407,413,313,450,789,692,539,963,511,787,265,93,301,404,279,539,5,53,560,265,852,895,340,703,683,893,712,564,283,541,597,663,232,275,44,692,317,24,1010,549,484,65,254,935,269,939,293,1022,546,942,15,519,171,646,371,104,227,944,
0.064,0.044,0.090,0.015,0.048,0.029,0.069,0.083,0.053,0.095,0.053,0.064,0.043,0.037,0.048,0.043,0.077,0.081,0.039,0.043,0.092,0.083,0.063,0.030,0.060,0.052,0.067,0.016,0.044,0.026,0.044,0.063,0.056,0.087,0.054,0.082,0.052,0.048,0.025,0.037,0.056,0.030,0.048,0.032,0.037,0.039,0.058,0.063,0.084,0.074,0.032,0.064,0.040,0.096,0.107,0.064,0.012,0.038,0.050,0.081,0.050,0.062,0.059,0.080,0.072,0.075,0.043,0.081,0.040,0.072,0.060,0.033,0.052,0.092,0.052,0.044,0.078,0.092,0.069,0.086,0.029,0.075,0.036,0.075,0.022,0.094,0.058,0.075,0.056,0.100,0.077,0.053,0.059,0.043,0.051,0.032,0.041,0.034,0.056,0.072,0.083,0.052,0.087,0.019,0.048,0.059,0.037,0.044,0.051,0.037,0.029,0.057,0.054,0.039,0.016,0.062,0.080,0.034,0.022,0.058,0.025,0.040,0.044,0.028,0.046,0.070,0.071,0.092,0.054,0.040,0.063,0.027,0.091,0.050,0.056,0.077,0.043,0.046,0.069,0.046,0.048,0.031,0.065,0.039,0.054,0.059,0.063,0.058,0.040,0.088,0.021,0.023,0.046,0.076,0.028,0.037,0.049,0.086,0.044,0.039,0.071,0.040,0.038,0.077,0.065,0.065,0.058,0.086,0.031,0.063,0.077,0.031,0.054,0.051,0.033,0.043,0.033,0.077,0.076,0.055,0.073,0.064,0.074,0.026,0.074,0.069,0.086,0.052,0.047,0.048,0.056,0.074,0.082,0.036,0.055,0.027,0.065,0.042,0.025,0.087,0.046,0.069,0.073,0.084,0.033,0.085,0.086,0.030,0.113,0.028,0.085,0.078,0.107,0.048,0.060,0.053,0.030,0.077,0.031,0.057,0.075,0.053,0.040,0.029,0.070,0.018,0.044,0.036,0.063,0.065,0.044,0.099,0.077,0.015,0.055,0.058,0.036,0.043,0.045,0.052,0.061,0.060,0.065,0.087,0.034,0.053,0.040,0.051,0.099,0.066,0.046,0.064,0.062,0.082,0.038,0.033,0.066,0.071,0.032,0.060,0.063,0.053,0.086,0.076,0.108,0.053,0.053,0.045,0.087,0.037,0.081,0.038,0.044,0.079,0.055,0.014,0.072,0.025,0.091,0.040,0.042,0.041,0.074,0.037,0.058,0.114,0.021,0.061,0.042,0.060,0.025,0.062,0.007,0.062,0.055,0.017,0.040,0.067,0.062,0.085,0.045,0.036,0.010,0.057,0.084,0.064,0.061,0.067,0.097,0.063,0.090,0.099,0.095,0.041,0.029,0.055,0.081,0.075,0.056,0.067,0.034,0.042,0.029,0.084,0.011,0.084,0.074,0.049,0.087,0.045,0.077,0.039,0.071,0.031,0.068,0.082,0.082,0.037,0.060,0.076,0.065,0.069,0.023,0.082,0.056,0.035,0.068,0.064,0.019,0.035,0.053,0.060,0.050,0.112,0.066,0.075,0.044,0.027,0.056,0.023,0.083,0.065,0.071,0.134,0.058,0.028,0.064,0.059,0.056,0.062,0.091,0.081,0.048,0.061,0.059,0.041,0.070,0.050,0.039,0.055,0.028,0.055,0.029,0.031,0.058,0.036,0.073,0.068,0.074,0.047,0.077,0.023,0.032,0.064,0.111,0.057,0.019,0.060,0.082,0.054,0.062,0.037,0.037,0.095,0.081,0.032,0.025,0.060,0.078,0.082,0.022,0.062,0.030,0.093,0.097,0.016,0.066,0.081,0.067,0.037,0.058,0.058,0.026,0.075,0.070,0.055,0.070,0.031,0.033,0.038,0.026,0.050,0.051,0.052,0.090,0.068,0.047,0.061,0.082,0.055,0.045,0.061,0.027,0.027,0.046,0.021,0.087,0.042,0.056,0.080,0.089,0.081,0.052,0.077,0.060,0.054,0.060,0.068,0.054,0.112,0.056,0.098,0.067,0.066,0.046,0.053,0.032,0.054,0.068,0.056,0.088,0.042,0.036,0.044,0.060,0.121,0.078,0.033,0.069,0.075,0.088,0.059,0.054,0.091,0.044,0.058,0.084,0.057,0.077,0.052,0.076,0.033,0.075,0.099,0.084,0.037,0.044,0.101,0.068,0.084,0.067,0.037,0.062,0.048,0.050,0.043,0.060,0.055,0.069,0.050,0.029,0.061,0.056,0.027,0.058,0.071,0.052,0.053,0.093,0.057,0.042,0.044,0.047,0.057,0.044,0.066,0.072,0.049,0.071,0.037,0.053,0.065,0.046,0.066,0.091,0.082,0.081,0.068,0.065,0.061,0.069,0.045,0.037,0.053,0.075,0.046,0.071,0.075,0.066,0.035,0.047,0.068,0.054,0.053,0.078,0.076,0.059,0.057,0.068,0.064,0.025,0.036,0.059,0.045,0.045,0.080,0.059,0.054,0.098,0.069,0.084,0.038,0.039,0.050,0.030,0.065,0.046,0.021,0.058,0.085,0.051,0.060,0.022,0.047,0.010,0.069,0.048,0.096,0.065,0.043,0.057,0.066,0.066,0.072,0.094,0.025,0.077,0.060,0.080,0.066,0.053,0.090,0.059,0.064,0.054,0.066,0.038,0.039,0.091,0.075,0.039,0.040,0.024,0.048,0.061,0.093,0.086,0.067,0.033,0.045,0.038,0.060,0.063,0.016,0.056,0.061,0.051,0.054,0.044,0.051,0.059,0.054,0.042,0.023,0.055,0.023,0.052,0.049,0.050,0.061,0.075,0.056,0.080,0.060,0.056,0.059,0.092,0.054,0.039,0.034,0.030,0.071,0.046,0.072,0.058,0.039,0.036,0.079,0.044,0.076,0.031,0.080,0.032,0.052,0.029,0.040,0.032,0.069,0.046,0.067,0.088,0.030,0.078,0.045,0.065,0.049,0.047,0.059,0.076,0.058,0.028,0.070,0.072,0.086,0.046,0.073,0.043,0.061,0.022,0.070,0.045,0.052,0.076,0.042,0.040,0.029,0.038,0.036,0.084,0.089,0.053,0.038,0.025,0.026,0.084,0.037,0.060,0.059,0.112,0.035,0.063,0.046,0.057,0.069,0.082,0.056,0.051,0.082,0.047,0.075,0.044,0.084,0.048,0.040,0.038,0.051,0.076,0.023,0.053,0.065,0.016,0.037,0.007,0.046,0.047,0.074,0.085,0.053,0.051,0.075,0.044,0.051,0.057,0.027,0.080,0.057,0.058,0.067,0.038,0.030,0.076,0.042,0.067,0.032,0.063,0.077,0.083,0.009,0.053,0.010,0.018,0.037,0.074,0.071,0.051,0.024,0.056,0.040,0.034,0.023,0.077,0.053,0.047,0.055,0.056,0.064,0.040,0.049,0.107,0.049,0.060,0.084,0.072,0.051,0.033,0.068,0.047,0.035,0.077,0.035,0.081,0.040,0.075,0.033,0.036,0.053,0.055,0.098,0.040,0.074,0.052,0.078,0.112,0.120,0.053,0.047,0.071,0.059,0.040,0.017,0.095,0.064,0.058,0.052,0.033,0.045,0.042,0.060,0.080,0.073,0.051,0.062,0.042,0.084,0.029,0.054,0.067,0.055,0.070,0.079,0.051,0.071,0.041,0.020,0.037,0.072,0.033,0.073,0.043,0.077,0.076,0.098,0.056,0.059,0.053,0.099,0.127,0.054,0.052,0.058,0.040,0.046,0.083,0.082,0.070,0.074,0.051,0.070,0.031,0.036,0.039,0.067,0.015,0.039,0.070,0.056,0.054,0.079,0.032,0.083,0.049,0.041,0.053,0.065,0.069,0.052,0.077,0.061,0.058,0.023,0.049,0.060,0.053,0.044,0.060,0.066,0.072,0.048,0.077,0.079,0.045,0.068,0.054,0.035,0.069,0.058,0.018,0.077,0.089,0.099,0.030,0.069,0.079,0.034,0.078,0.032,0.070,0.031,0.049,0.099,0.043,0.086,0.052,0.038,0.067,0.047,0.034,0.035,0.058,0.094,0.010,0.055,0.035,0.071,0.070,0.064,0.067,0.086,0.077,0.056,0.083,0.061,0.040,0.057,0.012,0.059,0.092,0.046,0.056,0.098,0.041,0.055,0.037,0.040,0.034,0.086,0.074,0.050,0.100,0.077,0.055,0.069,0.085,0.068,0.074,0.049,0.083,0.023,0.047,0.048,0.022,0.071,0.040,0.032,0.061,0.018,0.072,0.055,0.035,0.029,0.064,0.039,0.085,0.024,0.060,0.056,0.080,0.035,0.042,0.033,0.014,0.045,0.020,0.051,0.061,0.042,0.076,0.075,0.069,0.062,0.053,0.079,0.079,0.070,0.034,0.028,0.072,0.062,0.100,0.045,0.027,0.047,0.042,0.040,0.035,0.025,0.058,0.064,0.051,0.086,0.027,0.070,0.049,0.081,0.087,0.053,0.037,0.065,0.037,0.057,0.053,0.055,0.072,0.027,
60258,10501,57355,40556,2215,38846,13940,51983,27927,29017,11886,61092,20041,38404,55686,9422,24313,50025,9346,32868,56999,30606,35568,16903,35214,63812,53963,35447,63231,26513,61130,4256,58777,39654,32470,43383,27587,57378,4898,60939,26795,52673,63769,32844,27308,53484,22450,38023,64457,2615,27028,33849,10817,34271,20732,54868,24210,21202,34557,46470,22195,60282,64896,48837,53093,41141,63879,18906,48706,63917,57162,40057,9310,38708,42255,51616,37912,56198,18925,23588,56775,56655,11252,964,56201,57365,51194,37477,43501,60238,17398,2850,43853,41058,49770,8221,31906,12149,33915,56812,1275,13384,18686,40771,37404,60931,54217,59250,38777,60926,52701,55840,23756,18433,15842,52514,18171,63195,815,49151,33195,55892,17346,62919,32600,14950,23638,6746,57968,57394,37325,9981,33951,60436,5934,1985,27334,58604,25236,47382,51283,22446,8852,4840,46716,54329,797,50452,516,29200,24970,30880,6232,13741,54566,28083,23097,17817,27078,34307,44480,36853,23771,17772,62260,24287,40600,54679,44676,22695,32401,10696,49831,52396,62142,18922,47806,35497,50745,55735,5114,5194,37196,32173,26405,2847,48582,14579,44372,4390,43540,59418,32952,49546,18910,22131,64689,63739,38060,10969,28544,19565,35167,14194,16876,24991,4042,14253,28864,18521,17720,19386,48424,56411,21155,14130,20352,59492,24786,56352,31349,40231,36925,7396,3480,38239,35793,37258,13456,57525,40694,36674,29992,35014,56601,38467,55684,39734,15988,24610,40655,16659,44678,24557,4716,24673,5505,38571,16144,39635,51119,58497,27870,13921,7338,27530,59937,5164,6051,58917,9664,61315,15945,40713,2332,45205,55173,9640,5506,34392,27009,60476,35315,10668,12286,53472,25428,52016,41191,31963,64640,506,63139,46769,35847,29108,62759,55895,31874,7801,11352,20645,59856,7440,38184,1212,21243,46396,25529,49057,36194,54046,56048,12262,58008,28106,27601,47452,6199,3152,49023,58583,56557,26546,58916,61646,64059,20026,46708,9522,48622,668,24163,55784,20414,25973,63243,35699,13224,18877,39601,4312,61192,34081,32918,44525,64583,60788,11086,60141,28174,54755,36009,56456,48549,45547,53143,3375,13313,18761,25624,28733,13767,55529,33557,13849,64542,11067,50070,24853,12738,42570,5232,22002,49910,22480,26458,39596,50437,7351,54159,37426,47815,43195,38907,40642,56462,60372,49376,36978,4736,40511,34332,39816,12867,4636,7057,6223,19578,57237,39893,36802,5621,42566,61773,22345,44328,5469,16335,23841,20009,53098,42019,18285,33525,11750,27666,15496,46821,28870,5341,5515,23120,47394,19845,53293,64543,6457,31742,18069,42068,63969,41024,52661,23380,28599,36288,59955,60668,3852,41355,41336,21109,37830,32570,46500,63741,42275,30554,4794,35451,55430,48835,41400,22483,585,13284,15389,61385,34953,13533,11920,14118,54705,33968,30840,15302,35232,62867,35631,64444,32345,49540,59820,64736,54324,27585,59384,50042,63160,61649,15647,13434,64769,56552,45970,10868,39331,22992,43183,18033,23082,28716,44538,2933,44050,831,21890,46045,4067,33786,51978,12138,17145,30648,42959,22251,37769,617,31737,34404,13310,59092,11660,22490,51505,51736,19975,54232,48469,43952,52450,44819,53574,14750,619,16594,9103,19389,64823,59077,24511,60429,23604,30264,36103,17318,31519,32530,48836,45881,54218,44356,7444,51412,48203,28078,38873,20821,47776,62588,24721,31379,14512,22858,13342,58428,49370,49761,15056,38647,48224,46004,22197,27222,23068,18638,41500,40701,8345,49927,39454,54052,17452,62962,56185,41569,3587,53745,35629,4274,28117,580,53810,23135,11173,46080,57489,510,41324,962,27715,3380,54349,4469,32402,41077,31799,7292,60584,49059,38471,24543,6438,9020,32089,63777,23959,23602,55703,32709,555,50181,65397,40025,7694,56097,44788,42713,28711,485,23904,25042,28104,64519,2905,58221,29891,10679,61968,6113,34542,61798,36099,4827,28282,59739,396,45984,30070,62575,3054,3248,27052,47010,39106,25693,22727,14964,10799,57505,22504,12094,32138,555,62330,44001,2180,543,49468,24465,36020,452,22091,29013,60083,5256,6491,13509,61094,4759,64722,9227,48144,56189,36712,44684,2630,6915,65291,51820,10080,36675,46102,19603,17990,25011,41574,62427,34820,18188,29541,50508,4529,2659,28758,60652,49018,25331,61202,47656,18309,30265,62974,53081,49826,3966,56392,53488,58984,52284,63201,21741,51704,26024,18059,1898,59856,22057,56912,11340,12204,4708,27963,54709,48285,13416,44080,60264,24350,37157,48762,4021,29540,34592,2742,59987,39133,23233,28896,18636,44716,61236,25367,42427,34738,8225,40954,17646,9476,62715,51408,46560,60553,33620,10981,2153,55320,3747,17266,698,60870,65141,20101,65129,65516,37458,32934,519,44708,47711,7103,59013,16841,44778,10747,2687,32377,27773,45100,58792,47381,10791,29292,53207,55793,61298,36671,61007,39805,63591,48506,1054,12044,37551,19746,57099,38407,54887,58156,34455,63552,38491,44198,31804,4194,24065,53753,752,29271,2321,1686,61662,50591,32439,21512,49114,47376,6424,59024,50728,1446,23919,42721,46409,57380,18189,9333,8852,44915,35014,36076,2910,15369,26976,7959,34113,38173,22567,58810,3223,15646,14881,3076,3862,25182,55557,27352,44851,5449,32555,57421,33254,59554,3257,27256,30036,54385,54144,59038,8530,28722,49827,20160,43181,59260,34551,60539,17346,54205,31127,11564,26743,28922,59219,24368,22238,22266,2646,54913,4183,47722,46775,3948,64108,33249,9259,49378,8201,7007,50059,56521,36157,4386,32168,33383,33113,55357,42060,6006,35716,36979,29328,38889,52842,39111,12198,17924,44399,45584,34189,8393,23849,32357,7593,28759,4233,29399,40220,6582,2307,51640,63787,28838,59515,4950,59869,30566,63199,51106,65358,65146,27515,61737,61713,14833,39270,28489,14173,31366,55806,20785,22880,7516,26877,44120,46303,60956,26426,32017,26552,26088,48243,60494,58050,28181,59628,28088,13316,52363,29281,19542,10451,39622,19318,61965,33516,2310,40192,22564,2881,26913,63147,35267,49915,44390,26321,33589,46794,10519,14610,24745,29155,752,2502,28779,7764,60739,28057,52237,10843,55567,51632,53505,21987,8868,35086,65416,42312,17725,5952,45866,29223,47574,51709,13313,39866,31182,64447,14032,40458,49479,30035,41726,56986,47519,25590,26671,26946,26033,37314,31826,55806,59801,27941,9113,4098,33521,45682,50650,5669,37401,61629,37448,
0.012,0.020,0.012,0.009,0.014,0.011,0.019,0.007,0.007,0.020,0.010,0.017,0.019,0.018,0.012,0.009,0.005,0.011,0.018,0.025,0.018,0.008,0.016,0.008,0.010,0.008,0.020,0.026,0.004,0.018,0.018,0.013,0.008,0.019,0.013,0.017,0.005,0.020,0.009,0.012,0.022,0.024,0.010,0.013,0.009,0.013,0.006,0.022,0.020,0.006,0.016,0.020,0.020,0.013,0.008,0.018,0.014,0.022,0.009,0.005,0.016,0.007,0.009,0.018,0.013,0.009,0.016,0.025,0.006,0.016,0.008,0.016,0.005,0.019,0.012,0.013,0.008,0.021,0.018,0.007,0.022,0.015,0.021,0.021,0.012,0.016,0.014,0.015,0.005,0.016,0.018,0.021,0.015,0.006,0.011,0.007,0.013,0.012,0.015,0.013,0.006,0.008,0.011,0.006,0.019,0.009,0.008,0.008,0.010,0.026,0.010,0.015,0.019,0.009,0.019,0.015,0.012,0.009,0.010,0.019,0.012,0.009,0.011,0.010,0.008,0.012,0.014,0.010,0.012,0.013,0.024,0.017,0.019,0.011,0.020,0.018,0.009,0.009,0.014,0.016,0.015,0.009,0.012,0.004,0.007,0.010,0.018,0.016,0.015,0.022,0.008,0.007,0.023,0.023,0.005,0.007,0.012,0.016,0.020,0.014,0.014,0.010,0.004,0.013,0.018,0.022,0.021,0.009,0.010,0.009,0.015,0.008,0.017,0.015,0.017,0.009,0.016,0.007,0.018,0.010,0.013,0.023,0.022,0.011,0.010,0.011,0.007,0.014,0.018,0.004,0.014,0.012,0.022,0.010,0.019,0.013,0.011,0.014,0.014,0.002,0.004,0.013,0.009,0.012,0.018,0.008,0.008,0.015,0.020,0.008,0.018,0.015,0.013,0.007,0.013,0.010,0.008,0.013,0.005,0.011,0.017,0.016,0.014,0.008,0.008,0.012,0.011,0.013,0.010,0.008,0.002,0.009,0.018,0.017,0.009,0.009,0.012,0.018,0.015,0.022,0.006,0.011,0.018,0.017,0.018,0.018,0.016,0.021,0.012,0.017,0.019,0.012,0.022,0.011,0.022,0.017,0.011,0.020,0.013,0.013,0.008,0.013,0.013,0.014,0.010,0.020,0.027,0.006,0.011,0.011,0.016,0.013,0.021,0.017,0.014,0.019,0.022,0.017,0.010,0.010,0.008,0.012,0.011,0.016,0.010,0.014,0.020,0.010,0.015,0.013,0.008,0.026,0.016,0.015,0.014,0.021,0.012,0.013,0.008,0.020,0.005,0.011,0.009,0.017,0.015,0.015,0.017,0.016,0.010,0.020,0.008,0.020,0.014,0.010,0.007,0.013,0.005,0.015,0.018,0.013,0.007,0.011,0.017,0.017,0.010,0.027,0.028,0.016,0.019,0.014,0.016,0.016,0.016,0.008,0.022,0.003,0.012,0.012,0.022,0.021,0.004,0.019,0.007,0.022,0.005,0.009,0.011,0.013,0.005,0.014,0.013,0.015,0.014,0.024,0.014,0.013,0.018,0.015,0.017,0.012,0.022,0.017,0.014,0.014,0.021,0.016,0.006,0.010,0.025,0.012,0.026,0.011,0.009,0.017,0.010,0.026,0.018,0.013,0.009,0.008,0.018,0.006,0.013,0.007,0.014,0.011,0.012,0.017,0.011,0.013,0.002,0.014,0.019,0.024,0.009,0.013,0.013,0.006,0.020,0.013,0.010,0.007,0.006,0.005,0.027,0.008,0.014,0.011,0.020,0.019,0.019,0.015,0.020,0.022,0.009,0.007,0.018,0.012,0.005,0.009,0.008,0.013,0.017,0.012,0.022,0.027,0.014,0.008,0.022,0.019,0.015,0.005,0.011,0.008,0.016,0.023,0.008,0.005,0.010,0.018,0.018,0.013,0.018,0.024,0.012,0.009,0.013,0.018,0.006,0.014,0.005,0.011,0.018,0.025,0.013,0.014,0.008,0.008,0.012,0.010,0.011,0.017,0.009,0.002,0.011,0.017,0.017,0.012,0.017,0.019,0.019,0.012,0.014,0.013,0.011,0.014,0.017,0.018,0.020,0.010,0.021,0.005,0.005,0.011,0.018,0.021,0.009,0.015,0.012,0.017,0.007,0.016,0.005,0.020,0.016,0.014,0.025,0.014,0.026,0.015,0.011,0.007,0.020,0.011,0.013,0.011,0.020,0.009,0.011,0.019,0.008,0.017,0.022,0.022,0.018,0.019,0.014,0.013,0.023,0.009,0.020,0.012,0.011,0.014,0.010,0.015,0.012,0.012,0.020,0.017,0.020,0.014,0.022,0.012,0.013,0.006,0.013,0.010,0.014,0.017,0.015,0.008,0.016,0.009,0.007,0.014,0.011,0.025,0.005,0.008,0.009,0.012,0.014,0.019,0.012,0.012,0.016,0.012,0.015,0.009,0.003,0.016,0.013,0.016,0.010,0.006,0.011,0.013,0.004,0.011,0.009,0.019,0.024,0.012,0.022,0.018,0.018,0.021,0.006,0.015,0.021,0.013,0.009,0.017,0.014,0.012,0.020,0.017,0.015,0.015,0.011,0.010,0.007,0.014,0.009,0.012,0.010,0.012,0.009,0.016,0.018,0.012,0.014,0.021,0.014,0.015,0.026,0.019,0.009,0.011,0.010,0.006,0.016,0.019,0.013,0.011,0.022,0.014,0.009,0.014,0.008,0.007,0.009,0.009,0.020,0.019,0.017,0.014,0.011,0.015,0.001,0.005,0.019,0.013,0.014,0.017,0.014,0.014,0.007,0.022,0.007,0.027,0.016,0.015,0.015,0.011,0.008,0.008,0.014,0.014,0.017,0.014,0.017,0.025,0.025,0.015,0.012,0.008,0.008,0.023,0.019,0.019,0.024,0.013,0.009,0.018,0.012,0.017,0.011,0.011,0.023,0.019,0.013,0.005,0.018,0.012,0.020,0.013,0.010,0.009,0.012,0.008,0.005,0.017,0.024,0.015,0.010,0.011,0.022,0.014,0.010,0.007,0.007,0.014,0.021,0.010,0.013,0.019,0.015,0.003,0.016,0.011,0.013,0.016,0.006,0.023,0.012,0.016,0.016,0.011,0.007,0.007,0.017,0.018,0.015,0.007,0.022,0.012,0.007,0.018,0.013,0.013,0.007,0.012,0.008,0.024,0.014,0.018,0.016,0.022,0.013,0.014,0.010,0.011,0.012,0.021,0.007,0.017,0.007,0.021,0.017,0.011,0.007,0.012,0.008,0.005,0.016,0.016,0.016,0.015,0.002,0.007,0.027,0.016,0.012,0.020,0.009,0.006,0.006,0.011,0.010,0.025,0.010,0.021,0.012,0.020,0.010,0.017,0.017,0.008,0.008,0.017,0.015,0.009,0.009,0.015,0.013,0.017,0.011,0.011,0.008,0.018,0.014,0.014,0.012,0.014,0.020,0.003,0.004,0.012,0.015,0.010,0.022,0.007,0.011,0.010,0.009,0.006,0.016,0.008,0.010,0.015,0.009,0.017,0.016,0.016,0.019,0.010,0.022,0.017,0.013,0.014,0.012,0.017,0.011,0.012,0.014,0.017,0.012,0.008,0.016,0.006,0.010,0.024,0.018,0.017,0.025,0.012,0.014,0.008,0.011,0.006,0.011,0.016,0.013,0.010,0.010,0.018,0.016,0.009,0.010,0.022,0.010,0.021,0.009,0.010,0.012,0.013,0.015,0.018,0.015,0.007,0.019,0.007,0.016,0.011,0.013,0.015,0.016,0.019,0.014,0.017,0.009,0.011,0.016,0.012,0.024,0.014,0.014,0.016,0.012,0.005,0.016,0.024,0.014,0.017,0.014,0.006,0.021,0.008,0.012,0.013,0.016,0.013,0.014,0.008,0.010,0.008,0.012,0.015,0.016,0.013,0.008,0.007,0.005,0.018,0.007,0.015,0.011,0.017,0.019,0.024,0.011,0.011,0.011,0.019,0.015,0.008,0.013,0.019,0.013,0.014,0.015,0.018,0.010,0.017,0.009,0.010,0.002,0.005,0.022,0.016,0.018,0.017,0.013,0.007,0.013,0.016,0.008,0.001,0.016,0.008,0.008,0.016,0.022,0.018,0.015,0.013,0.014,0.015,0.011,0.006,0.022,0.014,0.018,0.010,0.016,0.011,0.024,0.015,0.019,0.014,0.015,0.008,0.010,0.015,0.007,0.016,0.014,0.004,0.010,0.014,0.009,0.006,0.018,0.026,0.014,0.018,0.012,0.016,0.004,0.023,0.013,0.010,0.015,0.018,0.019,0.011,0.013,0.017,0.013,0.016,0.014,0.008,0.008,0.012,0.019,0.010,0.003,0.013,0.010,0.017,0.007,0.012,0.013,0.007,0.014,0.022,0.007,0.006,0.020,0.017,0.011,0.007,0.016,0.025,0.008,0.010,0.020,0.009,0.015,0.017,0.011,0.017,0.013,0.013,0.012,0.014,0.014,0.011,0.014,0.012,0.013,0.014,
16325,10188,26305,53963,26917,50750,40920,65042,37700,7819,5519,13409,30943,61977,27289,54440,62959,28532,24750,18788,13178,43547,34278,50442,32209,3739,31050,48883,15191,11651,50829,10912,60743,19137,27325,47620,9944,57232,51601,10496,11252,35700,57937,62150,63515,61527,64119,62001,23924,29518,57100,16116,25194,58988,27071,64027,46852,51311,59534,65449,55011,21396,37874,45871,42029,49464,36950,18475,14641,51936,30711,2537,36460,23674,9049,61200,38100,20729,7770,53157,63550,326,4010,3644,22215,4094,45833,20141,8577,10442,14484,21579,15068,60431,44784,29089,41100,22755,28331,12371,25766,63660,25448,56067,16244,21499,36860,63705,34670,35179,35569,14176,27360,57046,45198,3525,52432,1333,29270,41906,47167,7570,29913,47304,31065,65415,5758,17045,40680,4338,49537,34848,301,15961,12601,3578,65273,11172,42714,39607,60277,61438,13152,32613,25646,12625,45055,13395,5542,37853,52530,45345,47191,33862,45419,57058,6953,56455,12970,40945,400,63025,33286,35841,12511,34605,24970,4685,62278,41857,20170,47472,64995,31364,14329,4832,31845,54711,27203,21751,40595,12487,23829,57764,17665,43071,13275,36494,17794,50257,20074,51878,58322,19658,5843,6311,14252,32154,8620,31918,7120,59762,43792,14043,34905,57375,57679,32882,53064,47018,24309,7856,43044,56006,5039,38981,28126,37821,22737,63241,43204,14652,40850,16853,50739,35547,58816,29761,5628,16187,18916,49838,34182,25027,53820,10521,28084,53028,33475,9280,6253,18295,24898,60885,47837,6156,5928,65016,12237,37136,33391,383,35577,15274,54772,23522,3139,62794,3674,11750,498,12694,497,32677,2158,58090,37209,40046,42838,59154,20650,19521,46587,63990,49162,15361,60879,34358,55557,27269,35261,27770,11199,28023,1503,1303,7558,54981,11279,58871,30172,29111,57280,31914,25195,9017,2557,20932,43919,24111,49045,50110,15226,9717,54236,11880,3708,7456,19870,33406,45591,23655,14903,46381,56643,53270,30684,13073,62258,25787,11819,52155,300,7058,1846,53012,34316,13495,3042,8487,10916,10915,25903,20677,23242,25071,18110,31917,45133,55722,42335,8185,21860,3284,65015,23452,23939,10667,39833,54612,53348,64458,1476,45697,58932,45034,24392,43212,61437,1025,64035,42984,24682,64367,14323,63582,25689,10770,22157,25759,14941,40906,23593,30532,29049,26040,12075,43665,10332,61109,38705,50295,19351,47589,28357,14724,38116,33378,40772,9712,10659,8960,40142,21202,56714,14507,61329,26939,36275,20586,8714,17371,1682,50980,26437,11971,10192,60008,54158,33064,4747,46706,53887,22066,58295,20865,41021,11523,7340,17428,27406,17202,29566,2449,13838,2523,23857,15204,60580,15214,12741,50870,21640,62202,52394,10164,65386,9992,65491,33060,3506,14730,12396,57447,9696,22494,58755,37479,35925,12966,41270,35328,5490,16355,42659,24821,20978,14981,51311,22336,12753,49993,33865,57389,28482,41645,65520,18486,15411,60616,1511,52915,20783,850,33381,51601,23086,3675,426,13784,36502,58130,35801,37676,23013,39086,65113,41347,54951,51203,11426,39619,26735,63092,59860,1089,1006,56793,38677,5964,7127,16126,35857,46516,25924,30918,4534,12078,40154,42149,3514,28418,26092,43621,38069,41160,42916,16950,16769,10000,58064,12975,9373,41481,41154,24919,10187,41297,39135,18737,10965,29125,53139,44627,51641,44464,41317,58662,40093,35406,9494,20078,12304,12319,47152,9537,8100,60732,49068,64629,64255,17803,21377,28865,37818,50254,56075,59124,58051,23812,5168,47961,40996,11609,13161,41436,19843,33587,64720,3706,2240,12997,15428,65253,23812,33095,57550,37995,56519,21102,65348,13717,59668,59229,63540,56965,38247,15210,19795,1997,51502,54928,24260,7253,36938,26197,60091,56354,12155,45856,25276,39655,49852,10864,34855,10553,43096,3979,24162,37328,35378,61639,21794,23123,27976,35534,33230,47868,30625,22498,50716,62021,6780,31381,55803,13942,52695,2623,29622,16948,47238,24902,41612,35522,12277,50708,29441,59428,60606,41325,13097,64831,56054,13309,6242,46085,21974,2321,14294,58590,57785,40634,61501,38471,37976,56133,43422,24762,5617,22418,53126,62501,60404,10154,59503,35558,8659,33624,57029,19086,16224,59517,40446,44189,302,31608,40827,49674,43177,56920,2743,56725,1044,53001,35178,19274,4231,996,18701,14492,48839,46960,11607,448,11609,7553,37589,63065,21543,37903,35261,52464,34635,15107,7361,4878,13714,65212,34546,23539,13873,22436,1097,49420,14946,9221,37890,62842,46976,59357,55026,62710,16390,47764,43932,33002,56425,31720,44502,50137,65277,29908,33687,46693,53681,9668,15687,8991,31682,38404,33893,10750,57952,56328,56682,61466,42260,36225,44393,40585,63907,41078,21580,60226,39662,3856,40049,10620,2111,38159,11931,3379,41533,28103,11474,62633,50305,21585,4630,1187,61179,55939,47144,44323,33367,28649,58790,11839,19075,16995,47555,47281,1521,65425,62751,46381,22702,57072,7037,30272,59654,45297,23174,24292,42615,61709,8847,10079,10123,22039,52375,36310,3764,32892,17421,3534,5999,12365,12685,23028,22465,7445,27792,13666,56446,4052,52474,41014,52380,35870,16074,65437,40505,50626,61423,53942,49009,1248,27640,23297,53268,49331,53031,40847,30900,63092,25230,43244,61986,29372,52406,33092,42630,61581,60855,20769,59796,40769,2239,30712,52421,15723,596,47922,32039,2755,28854,55767,10920,38115,27568,30288,36352,59704,15418,17822,55046,21778,14826,17709,43677,17115,38069,23425,9927,38029,9226,50901,47974,14051,25009,38457,15632,51127,1568,54128,13832,15093,58314,63024,6891,39319,62654,16073,59348,46310,28567,26534,429,21475,27995,11715,63760,4103,16960,1226,46835,320,60811,26375,47041,63809,61081,55171,42051,60096,29167,40197,20577,48448,21888,6540,57661,44010,60792,23456,16343,7296,44892,42867,29985,623,46692,53184,9241,56643,18248,6895,8697,802,7730,56415,23390,34569,31776,5033,37210,7200,54572,11140,34546,37096,32226,58563,54885,53090,26379,33036,24084,31485,7213,22969,19026,37888,53206,39804,57479,15336,9452,45014,53126,11522,4056,27973,55782,43613,23067,29000,55952,46221,7991,22492,21367,17191,40113,51810,20227,57083,16638,64570,9403,60187,25342,8206,12449,41742,59366,63823,35506,53585,17522,724,4784,22577,24878,44794,36914,21775,28025,46006,55073,14304,41480,28014,5720,61384,52631,18839,275,49890,46694,34022,50921,30977,
0.711,0.581,0.651,0.616,0.538,0.637,0.662,0.614,0.553,0.567,0.496,0.739,0.621,0.591,0.605,0.667,0.606,0.522,0.497,0.565,0.726,0.627,0.656,0.658,0.609,0.492,0.560,0.660,0.552,0.613,0.659,0.649,0.613,0.591,0.690,0.501,0.572,0.596,0.626,0.578,0.739,0.544,0.631,0.613,0.642,0.595,0.603,0.671,0.591,0.505,0.564,0.620,0.632,0.589,0.640,0.572,0.658,0.582,0.680,0.647,0.644,0.595,0.600,0.669,0.623,0.723,0.657,0.699,0.637,0.643,0.668,0.636,0.723,0.705,0.576,0.603,0.610,0.615,0.621,0.571,0.557,0.678,0.679,0.472,0.623,0.620,0.612,0.577,0.553,0.693,0.658,0.779,0.746,0.646,0.632,0.659,0.608,0.608,0.597,0.656,0.540,0.535,0.397,0.582,0.553,0.604,0.602,0.659,0.639,0.670,0.701,0.516,0.597,0.606,0.643,0.634,0.571,0.604,0.610,0.690,0.659,0.616,0.534,0.637,0.566,0.727,0.683,0.639,0.662,0.653,0.657,0.555,0.546,0.503,0.655,0.632,0.564,0.713,0.658,0.701,0.654,0.399,0.565,0.624,0.612,0.673,0.731,0.662,0.622,0.711,0.699,0.682,0.533,0.611,0.715,0.573,0.639,0.650,0.655,0.662,0.602,0.675,0.687,0.603,0.543,0.725,0.539,0.778,0.547,0.662,0.477,0.663,0.626,0.579,0.627,0.548,0.665,0.572,0.569,0.774,0.586,0.611,0.561,0.554,0.592,0.546,0.600,0.595,0.656,0.595,0.620,0.578,0.596,0.677,0.687,0.463,0.559,0.628,0.465,0.637,0.646,0.726,0.654,0.603,0.692,0.609,0.763,0.616,0.678,0.627,0.664,0.645,0.725,0.666,0.564,0.625,0.661,0.626,0.699,0.609,0.570,0.661,0.536,0.651,0.711,0.551,0.680,0.590,0.570,0.575,0.554,0.601,0.605,0.731,0.636,0.595,0.699,0.502,0.655,0.711,0.580,0.544,0.560,0.660,0.616,0.617,0.647,0.650,0.614,0.513,0.527,0.619,0.662,0.623,0.615,0.711,0.454,0.563,0.548,0.699,0.605,0.460,0.644,0.677,0.727,0.576,0.671,0.557,0.740,0.635,0.536,0.715,0.610,0.555,0.543,0.540,0.686,0.542,0.563,0.729,0.557,0.639,0.642,0.558,0.578,0.702,0.620,0.632,0.574,0.644,0.615,0.581,0.650,0.536,0.550,0.683,0.703,0.640,0.667,0.568,0.601,0.610,0.653,0.592,0.512,0.650,0.617,0.497,0.652,0.610,0.660,0.566,0.641,0.594,0.554,0.581,0.689,0.582,0.531,0.610,0.665,0.583,0.702,0.579,0.640,0.631,0.568,0.592,0.644,0.619,0.586,0.655,0.692,0.624,0.531,0.653,0.552,0.553,0.573,0.646,0.708,0.628,0.648,0.574,0.589,0.602,0.470,0.574,0.598,0.682,0.614,0.565,0.575,0.602,0.638,0.669,0.646,0.593,0.587,0.545,0.726,0.576,0.558,0.577,0.550,0.566,0.727,0.564,0.676,0.602,0.627,0.652,0.719,0.624,0.646,0.637,0.633,0.555,0.612,0.661,0.584,0.627,0.584,0.624,0.557,0.640,0.702,0.601,0.663,0.582,0.542,0.576,0.594,0.595,0.649,0.592,0.579,0.619,0.630,0.683,0.631,0.604,0.563,0.578,0.545,0.622,0.610,0.673,0.674,0.577,0.599,0.395,0.706,0.644,0.679,0.489,0.626,0.545,0.633,0.452,0.699,0.648,0.679,0.578,0.642,0.671,0.614,0.584,0.748,0.585,0.598,0.616,0.670,0.561,0.556,0.617,0.618,0.599,0.597,0.574,0.731,0.605,0.567,0.495,0.649,0.734,0.622,0.622,0.613,0.530,0.600,0.608,0.626,0.570,0.634,0.669,0.618,0.668,0.610,0.583,0.625,0.687,0.649,0.729,0.638,0.631,0.551,0.505,0.648,0.614,0.606,0.582,0.588,0.538,0.648,0.628,0.603,0.722,0.636,0.700,0.546,0.723,0.521,0.644,0.584,0.646,0.680,0.614,0.720,0.618,0.656,0.687,0.620,0.566,0.598,0.631,0.614,0.638,0.666,0.549,0.595,0.597,0.592,0.632,0.617,0.486,0.578,0.593,0.559,0.627,0.644,0.582,0.592,0.594,0.550,0.546,0.573,0.627,0.703,0.636,0.575,0.665,0.632,0.758,0.671,0.563,0.642,0.730,0.587,0.865,0.546,0.520,0.563,0.436,0.552,0.600,0.510,0.615,0.779,0.556,0.589,0.472,0.570,0.653,0.525,0.609,0.455,0.490,0.537,0.648,0.549,0.679,0.536,0.559,0.618,0.717,0.692,0.613,0.626,0.654,0.692,0.649,0.637,0.498,0.593,0.725,0.531,0.546,0.671,0.756,0.593,0.731,0.617,0.655,0.618,0.672,0.561,0.613,0.462,0.610,0.620,0.643,0.627,0.643,0.669,0.639,0.583,0.502,0.580,0.626,0.494,0.572,0.634,0.741,0.565,0.687,0.728,0.673,0.672,0.608,0.625,0.649,0.596,0.645,0.596,0.675,0.566,0.650,0.631,0.579,0.573,0.570,0.589,0.467,0.662,0.630,0.464,0.597,0.670,0.677,0.624,0.643,0.615,0.530,0.645,0.591,0.733,0.588,0.625,0.609,0.585,0.600,0.689,0.490,0.652,0.686,0.584,0.690,0.522,0.606,0.635,0.639,0.582,0.598,0.619,0.649,0.629,0.627,0.668,0.580,0.611,0.573,0.585,0.632,0.615,0.633,0.630,0.514,0.665,0.579,0.664,0.587,0.547,0.604,0.614,0.656,0.554,0.678,0.623,0.597,0.611,0.643,0.533,0.591,0.465,0.682,0.612,0.579,0.592,0.623,0.679,0.506,0.565,0.565,0.517,0.620,0.516,0.611,0.598,0.493,0.618,0.638,0.570,0.598,0.571,0.533,0.524,0.628,0.600,0.669,0.605,0.649,0.561,0.620,0.598,0.725,0.695,0.609,0.603,0.645,0.557,0.603,0.587,0.506,0.593,0.546,0.643,0.619,0.605,0.684,0.538,0.656,0.573,0.615,0.467,0.548,0.618,0.791,0.577,0.626,0.613,0.701,0.567,0.524,0.594,0.486,0.616,0.624,0.669,0.577,0.660,0.533,0.573,0.618,0.465,0.719,0.581,0.627,0.603,0.600,0.584,0.613,0.651,0.558,0.635,0.679,0.538,0.572,0.640,0.482,0.703,0.711,0.616,0.568,0.663,0.540,0.587,0.634,0.552,0.583,0.557,0.483,0.565,0.578,0.613,0.612,0.541,0.664,0.644,0.641,0.597,0.556,0.655,0.577,0.544,0.612,0.644,0.686,0.663,0.660,0.637,0.720,0.559,0.520,0.627,0.484,0.649,0.593,0.688,0.668,0.540,0.675,0.652,0.550,0.613,0.508,0.584,0.683,0.634,0.634,0.672,0.594,0.697,0.715,0.629,0.557,0.524,0.600,0.511,0.434,0.629,0.672,0.581,0.569,0.526,0.582,0.640,0.560,0.657,0.513,0.700,0.643,0.660,0.661,0.597,0.628,0.548,0.682,0.650,0.593,0.462,0.702,0.751,0.650,0.704,0.603,0.675,0.595,0.580,0.723,0.703,0.552,0.605,0.488,0.591,0.644,0.674,0.532,0.600,0.602,0.718,0.769,0.582,0.596,0.581,0.733,0.681,0.650,0.565,0.639,0.670,0.635,0.576,0.664,0.558,0.628,0.588,0.609,0.543,0.623,0.510,0.595,0.675,0.648,0.619,0.644,0.735,0.729,0.660,0.527,0.584,0.570,0.623,0.653,0.645,0.657,0.602,0.685,0.582,0.599,0.539,0.653,0.687,0.583,0.520,0.583,0.569,0.619,0.685,0.659,0.558,0.543,0.685,0.544,0.519,0.738,0.558,0.579,0.641,0.618,0.644,0.719,0.633,0.650,0.596,0.541,0.610,0.551,0.612,0.649,0.570,0.574,0.689,0.604,0.601,0.468,0.493,0.587,0.680,0.691,0.660,0.623,0.614,0.516,0.540,0.657,0.555,0.651,0.543,0.653,0.613,0.586,0.685,0.656,0.622,0.747,0.672,0.704,0.624,0.592,0.686,0.588,0.671,0.635,0.656,0.608,0.589,0.600,0.597,0.498,0.593,0.745,0.608,0.534,0.459,0.712,0.682,0.637,0.736,0.619,0.608,0.664,0.585,0.647,0.615,0.594,0.582,0.707,0.641,0.688,0.640,0.617,0.665,0.586,0.627,0.609,0.645,0.631,0.635,0.533,0.614,0.630,0.642,0.566,0.694,0.545,0.686,0.600,0.534,0.606,0.694,0.538,0.583,0.659,0.620,0.413,0.645,0.657,0.540,0.722,0.588,0.612,0.754,0.663,
